"id","sid","lot_no","item_description","expiry_date","quantity","unit","unit_cost","stock_in"
"476","1","OH128","Allopurinol Tab. 100mg 100s (DMLI)","2022-08-08","108","","0.00","2021-02-04"
"477","1","OI133","Allopurinol 300mg Tab. 100s (DMLI)","2022-09-09","33","","0.00","2021-02-04"
"478","1","OH105","Alum/Mag Sus. 60ml (GASTROCIN)","2022-10-09","368","","0.00","2021-02-03"
"479","1","OH125","Alum/Mag Susp. 120ml (GASTROCIN)","2022-08-07","3","","0.00","2021-02-03"
"481","1","OD151","Ambroxol 15mg Syrup 60ml(DMLI)","2022-05-05","16","","0.00","2021-02-04"
"482","1","OD170","Ambroxol 30mg Tab. 100s(MUCOLAX)","2022-04-04","154","","0.00","2021-02-04"
"483","1","OJ150","Amlodipine 5mg Tab. 100s(PRELOD)","2022-10-10","23","","0.00","2021-02-04"
"485","1","9B02","Amoxicillin Drops 10ml (AMOREX)","2022-02-02","31","","0.00","2021-02-04"
"486","1","OH211","Amoxicillin 125mg Sus. 60ml (AMOREX)","2023-08-07","166","","0.00","2021-02-04"
"487","1","OG252","Amoxicillin 250mg Susp. 60ml(AMOREX)","2023-08-08","115","","0.00","2021-02-04"
"488","1","8H202","Amoxicillin Cap. 250mg 100s(AMOREX)","2021-09-09","61","","0.00","2021-02-04"
"489","1","OG253","Amoxicillin 500mg Cap. 100s(DROXYL)","2023-08-08","68","","0.00","2021-02-04"
"490","1","OE223","Ascorbic Tab. 500mg 100s(ASCORB)","2022-04-29","63","","0.00","2021-02-04"
"491","1","OH181","Bisacodyl 5mg Tab. 100s (PRELAX)","2022-08-08","6","","0.00","2021-02-04"
"492","1","OJ154","Bromhexine Tab. 8mg 100s(PULMOHEX)","2022-10-10","74","","0.00","2021-02-04"
"493","1","OG158","Calcium Carbonate 500mg Tab. 100s(DMLI)","2022-08-08","39","","0.00","2021-02-04"
"494","1","OD143","Captopril Tab. 25mg 100s(CAPTOBES)","0000-00-00","2","","0.00","2021-02-04"
"495","1","9J309","Cefalexin 250mg Susp. 60ml(VONWELT)","2021-11-11","89","","0.00","2021-02-04"
"496","1","OH196","Ceterizine Tab. 10mg 100s(ZETRIZ)","2022-09-07","23","","0.00","2021-02-04"
"497","1","9K263","Chloramphenicol Susp. 60ml(TYPHECLOR)","2022-12-12","38","","0.00","2021-02-04"
"501","1","OA236","Clarithromycin Susp. 60ml(CLARITHROMED)","2023-02-02","297","","0.00","2021-02-04"
"503","1","OH209","Cloxacillin 500mg Cap. 100s(CLOXID)","2022-08-08","111","","0.00","2021-02-04"
"504","1","OG220","Cotri. Susp. 200mg 60ml(COTRIMAXOL)","2022-08-08","533","","0.00","2021-02-04"
"505","1","OI174","Cotrimazole 400mg Tab. 100s(COTRIMAXOL)","2023-03-03","66","","0.00","2021-02-04"
"506","1","OF310","Cotri. Forte Tab. 800mg 100s(COTRIMAXOL)","2023-07-06","113","","0.00","2021-02-03"
"507","1","OG152","Dexamethasone Tab. 500mcg 100s(IMPODEX)","2022-09-08","42","","0.00","2021-02-03"
"509","1","OF254","Dicycloverine Syrup 60ml (SPASMOVERIN)","2022-11-10","61","","0.00","2021-02-03"
"511","1","9G213","Diphenhydramine Syrup 60ml(HISTAMOX)","2021-08-08","97","","0.00","2021-02-04"
"512","1","OG280","Diphenhydramine Cap. 50mg 100s(HISTAMOX)","2022-08-08","23","","0.00","2021-02-04"
"514","1","OI124","Erythromycin Susp. 60ml(DMLI)","2022-09-09","42","","0.00","2021-02-04"
"515","1","OH195","Furosemide 20mg Tab. 100s(DMLI)","2022-09-09","18","","0.00","2021-02-04"
"517","1","OG208","Hyoscine Tab. 10mg 100s(HYOSPAN)","2022-08-08","9","","0.00","2021-02-04"
"518","1","9C255","Isoniazid+Pyridoxin HCI 200mg Susp. 60ml(VONWELT)","2022-05-05","26","","0.00","2021-02-04"
"520","1","OI138","Loperamide Cap. 2mg 100s(DMLI)","2022-09-09","79","","0.00","2021-02-04"
"523","1","OK213","Metoclopramide Syr. 60ml(MOTILLEX)","2022-11-11","98","","0.00","2021-02-04"
"524","1","OH177","Metoprolol 50mg Tab. 100s(BETACOR)","2022-08-08","20","","0.00","2021-02-04"
"526","1","OH124","Metronidazole 500mg Tab. 100s(VONWELT)","2022-08-08","43","","0.00","2021-02-04"
"527","1","OI223","Multivitamins+Iron Cap. 100s(MULTIGROW)","2022-09-09","75","","0.00","2021-02-04"
"528","1","OJ161","Naproxen Tab. 500mg 100s(PROXEN)","2022-11-11","3","","0.00","2021-02-04"
"529","1","OF176","Omeprazole Cap. 20mg 30s(DMLI)","2022-06-06","1","","0.00","2021-02-04"
"530","1","9E149","Paracetamol 125mg Syr. 60ml(KIDICEF)","2022-06-06","409","","0.00","2021-02-04"
"533","1","9D01","Phenyl. Drops 10ml(DMLI)","2021-08-08","309","","0.00","2021-02-04"
"534","1","OE162","Phenyl Syrup 60ml(DMLI)","2023-06-06","283","","0.00","2021-02-04"
"535","1","OJ114","Piroxicam 20mg Cap. 100s(DMLI)","2022-10-10","139","","0.00","2021-02-04"
"536","1","OD196","Prednisone Tab. 5mg 100s(SYSTOCOR)","2022-05-05","97","","0.00","2021-02-04"
"541","1","OC287","Salbu/GG Syrup 60ml(DMLI)","2021-10-10","56","","0.00","2021-02-04"
"543","1","9K290","Simvastatin 20mg Tab. 100s(VASITIN)","2021-12-12","1","","0.00","2021-02-04"
"544","1","OF201","Sod. Ascorbate Cap. 100s(DMLI)","2022-07-07","8","","0.00","2021-02-04"
"545","1","OA197","Terbutaline Tab. 2.5mg 100s(LUNGEX)","2022-01-01","1","","0.00","2021-02-04"
"558","DM 2","OI240","Allopurinol 300mg Tablet 100s(DMLI)","2022-10-10","30","","0.00","2021-02-15"
"559","DM 2","OF152","Alum/Mag. 300/200mg Tab. 100s(ALUMINOX)","2022-06-04","24","","0.00","2021-02-13"
"560","DM 2","OK143","Amoxicillin Cap. 500mg 100s(DROXYL)","2023-11-11","84","","0.00","2021-02-15"
"561","DM 2","OH196","Ceterizine Tab. 10mg 100s(ZETRIZ)","2022-09-09","60","","0.00","2021-02-15"
"562","DM 2","OH186","Dicycloverine Tab. 10mg 100s(DICYRINE)","2022-09-08","30","","0.00","2021-02-14"
"563","DM 2","OG208","Hyoscine Tab. 10mg 100s(HYOSPAN)","2022-08-08","30","","0.00","2021-02-15"
"564","DM 2","OH272","Mefenamic Acid Tab. 500mg 100s(ACIFLAM)","2023-11-10","20","","0.00","2021-02-14"
"565","DM 2","OI269","Multivitamins + Iron Cap. 100s(MULTIGROW)","2022-10-10","70","","0.00","2021-02-15"
"566","DM 2","OH284","Paracetamol Tab. 500mg 100s(KIDICEF)","2025-09-09","77","","0.00","2021-02-15"
"567","DM 2","1A116","Salbutamol 2mg Tab. 100s(VENTOMAX)","2024-01-01","102","","0.00","2021-02-15"
"569","DM 2","OK116","Vitamin B-Complex Cap. 100s(VITAPLEX-B)","2022-11-11","48","","0.00","2021-02-15"
"571","DM 2","1A110","Tetracycline 500mg Cap. 100s(TRICOR)","2024-01-01","73","","0.00","2021-02-15"
"572","DM 2","OI269","Multivitamins + Iron Cap. 100s(MULTIGROW)","2022-10-10","105","","0.00","2021-02-15"
"573","DM 2","OH284","Paracetamol Tab. 500mg 100s(KIDICEF)","2025-09-09","121","","0.00","2021-02-15"
"574","DM 2","1A116","Salbutamol Tab. 2mg 100s(VENTOMAX)","2024-01-01","256","","0.00","2021-02-15"
"576","DM 2","OK116","Vitamin B-Complex Cap. 100s(VITAPLEX-B)","2022-11-11","104","","0.00","2021-02-15"
"577","DM 2","OI240","Allopurinol 300mg Tab. 100s(DMLI)","2022-10-10","40","","0.00","2021-02-15"
"578","DM 2","OK143","Amoxicillin Cap. 500mg 100s(DROXYL)","2023-11-11","84","","0.00","2021-02-15"
"579","DM 2","OH196","Ceterizine Tab. 10mg 100s(ZETRIZ)","2022-09-09","100","","0.00","2021-02-15"
"580","DM 2","OL124","Ciprofloxacin Cap. 500mg Tab. 100s(DMLI)","2023-01-01","28","","0.00","2021-02-15"
"581","DM 2","OH186","Dicycloverine Tab. 10mg 100s(DICYRINE)","2022-09-08","156","","0.00","2021-02-14"
"582","DM 2","OK183","Doxycycline Cap. 100mg 100s(PIDCLIN)","2023-12-12","76","","0.00","2021-02-15"
"583","DM 2","OK235","Ketoprofen Cap. 50mg 100s(KETOMAX)","2022-12-12","5","","0.00","2021-02-15"
"584","DM 2","OH272","Mefenamic Acid Tab. 500mg 100s(ACIFLAM)","2023-11-10","96","","0.00","2021-02-14"
"585","DM 2","OJ200","Furosemide Tab. 40mg 100s(FUSEDEX)","2022-11-11","27","","0.00","2021-02-15"
"586","DM 2","OH177","Metoprolol Tab. 50mg 100s(BETACOR)","2022-08-08","100","","0.00","2021-02-15"
"587","DM 2","OH174","Captopril 25mg 100s(CAPTOBES)","2023-09-09","30","","0.00","2021-02-15"
"588","DM 2","OH177","Metoprolol Tab. 50mg 100s(BETACOR)","2022-08-08","60","","0.00","2021-02-15"
"590","DM 2","1A125","Salbutamol 2mg Syrup 60ml(VENTOMAX)","2023-01-01","78","","0.00","2021-02-15"
"591","DM 2","OD150","Ambroxol 30mg Syrup 60ml(MUCOLAX)","2022-04-02","288","","0.00","2021-02-15"
"592","DM 2","OI137","Mefenamic Acid Syrup 50mg  60ml(ACIFLAM)","2022-09-07","53","","0.00","2021-02-13"
"593","DM 2","OH224","Metronidazole 125mg Syrup 60ml(AMBIDAZOL)","2022-09-09","324","","0.00","2021-02-15"
"594","DM 2","OI134","Paracetamol 250mg Syrup 60ml(KIDICEF)","2022-09-09","172","","0.00","2021-02-15"
"595","DM 2","1A125","Salbutamol 2mg Syrup 60ml(VENTOMAX)","2023-01-01","720","","0.00","2021-02-15"
"598","ADD","OK196","Amlodipine 10mg Tab. 100s(PRELOD)","2022-11-12","160","","0.00","2021-02-04"
"601","ADD","OH186","Dicycloverine Tab. 10mg 100s(DICYRINE)","2022-09-08","250","","0.00","2021-02-03"
"603","ADD","OH272","Mefenamic Acid Tab. 500mg 100s(ACIFLAM)","2023-11-10","192","","0.00","2021-02-03"
"605","ADD","10134","Paracetamol 250mg Syr. 60ml(KIDICEF)","2022-09-09","233","","0.00","2021-02-04"
"606","ADD","OH284","Paracetamol Tab. 500mg 100s(KIDICEF)","2025-09-09","306","","0.00","2021-02-04"
"607","ADD","OA03P","Prednisone Tab. 10mg 100s(VONWELT)","2023-01-01","20","","0.00","2021-02-04"
"608","OTHER PRODUCTS","CB19002","Acetylcysteine 200mg Powder 10s","2021-10-09","0","","0.00","2021-02-27"
"610","OTHER PRODUCTS","O6152","Aciclovir Tab. 400mg 30s(XYCLOVIRAX)","2022-06-06","13","","0.00","2021-02-28"
"611","OTHER PRODUCTS","O6153","Aciclovir Tab. 800mg 20s(XYCLOVIRAX FORTE)","2022-06-06","9","","0.00","2021-02-28"
"612","OTHER PRODUCTS","9H323A","Ambroxol Drops 15ml(LYCOBROX)","2021-11-11","121","","0.00","2021-02-28"
"613","OTHER PRODUCTS","2003058","Ambroxol 30mg Syrup 60ml(MDBROX)","2022-03-03","10","","0.00","2021-02-28"
"614","OTHER PRODUCTS","OY401","Amlodipine 10mg Tab. 100s(NORVATROL)","2022-11-11","10","","0.00","2021-02-28"
"615","OTHER PRODUCTS","WP-26","Amlodipine 10mg Tab. 100s(AMLOTHIX)","2025-04-04","53","","0.00","2021-02-28"
"617","OTHER PRODUCTS","B06100","Amoxicillin Drops 10ml(MOXYLOR)","2023-07-07","291","","0.00","2021-02-28"
"618","OTHER PRODUCTS","B0B639","Amoxicillin Susp. 250mg 60ml(MOXYLOR)","2023-10-10","249","","0.00","2021-02-28"
"619","OTHER PRODUCTS","707200512","Amoxicillin Cap. 500mg 100s(AMBIMOX)","2023-05-05","60","","0.00","2021-02-28"
"620","OTHER PRODUCTS","707201050","Amoxicillin 500mg Cap. 100s(AMBIMOX)","2023-10-10","200","","0.00","2021-02-28"
"621","OTHER PRODUCTS","E2022","Ascorbic Acid Syrup 60ml(NOVACEE)","2021-11-11","391","","0.00","2021-02-28"
"622","OTHER PRODUCTS","WKN202","Ascorbic Acid Syrup 120ml(MYREVIT-C)","2022-10-10","242","","0.00","2021-02-28"
"623","OTHER PRODUCTS","H2017","Ascorbic Acid Syrup 120ml(NOVACEE)","2022-02-02","105","","0.00","2021-02-28"
"624","OTHER PRODUCTS","OX387","Ascorbic Acid Syrup 250ml(HARCEE)","2022-05-04","213","","0.00","2021-02-27"
"625","OTHER PRODUCTS","20J3509","Ascorbic Acid Syrup 250ml(BONALET-CEE)","2023-11-11","102","","0.00","2021-02-28"
"626","OTHER PRODUCTS","OIO54B","Ascorbic+Zinc Cap. 100s(GOLDLIFE)","2022-09-09","2","","0.00","2021-02-28"
"627","OTHER PRODUCTS","OX345","Aspirin Tab. 80mg 100s(SCHEEPRIN)","2022-10-09","29","","0.00","2021-02-26"
"628","OTHER PRODUCTS","Z0713","Atenolol Tab. 100mg 100s(ZENOBLOC-100)","2023-04-04","10","","0.00","2021-02-28"
"629","OTHER PRODUCTS","NPAT13","Atorvastatin Tab. 10mg 100s(ATORSAPH)","2022-09-09","1","","0.00","2021-02-28"
"631","OTHER PRODUCTS","R-07037","Atorvastatin Tab. 40mg 100s(RANVAST)","2023-08-08","13","","0.00","2021-02-28"
"632","OTHER PRODUCTS","177031","Atorvastatin Tab. 80mg 100s(FULVAST)","2022-09-09","6","","0.00","2021-02-28"
"633","OTHER PRODUCTS","EP270","Azithromycin Susp. 200mg 15ml(ATHRODIM)","2022-01-01","24","","0.00","2021-02-28"
"634","OTHER PRODUCTS","200551","Azithromycin Cap. 500mg 3s(AMBIMAX)","2022-05-05","44","","0.00","2021-02-28"
"635","OTHER PRODUCTS","3729001","Betamethasone Cream 5g(LORNASONE)","2023-12-12","82","","0.00","2021-02-28"
"636","OTHER PRODUCTS","20J0480","Candesartan Tab. 8mg 30s(GIRAN-8)","2023-10-10","5","","0.00","2021-02-28"
"637","OTHER PRODUCTS","20J0492","Candesartan Tab. 16mg 30s(GIRAN-16)","2023-10-10","4","","0.00","2021-02-28"
"638","OTHER PRODUCTS","C10016","Captopril Tab. 25mg 100s(CAPTOR)","2023-01-01","33","","0.00","2021-02-28"
"639","OTHER PRODUCTS","VKN117","Carbo. Drops 15ml(CEASCOL)","2021-10-10","4","","0.00","2021-02-28"
"640","OTHER PRODUCTS","J2042","Carbo. Drops 15ml(NOMOCOF)","2022-10-10","84","","0.00","2021-02-28"
"641","OTHER PRODUCTS","2002007","Carbo. Syrup 100mg 60ml(MUCOZID)","2022-02-20","521","","0.00","2021-02-28"
"642","OTHER PRODUCTS","WFN323","Carbo. Syr. 250mg 60ml(CEASCOL)","2023-06-23","52","","0.00","2021-02-28"
"643","OTHER PRODUCTS","200987","Carbo. Cap. 500mg 100s(MUCOSUL)","2023-09-09","7","","0.00","2021-02-28"
"644","OTHER PRODUCTS","K02005","Carvedilol Tab. 25mg 100s(KARVIDOL)","2023-06-06","7","","0.00","2021-02-28"
"645","OTHER PRODUCTS","20H103","Cefaclor Drops 50mg 10ml(CLORMED)","2022-08-08","6","","0.00","2021-02-28"
"646","OTHER PRODUCTS","99L080","Cefaclor Susp. 125mg 60ml(CLORMED)","2021-12-11","31","","0.00","2021-02-28"
"647","OTHER PRODUCTS","99L079","Cefaclor Susp. 250mg 60ml(CLORMED)","2021-12-12","38","","0.00","2021-02-28"
"648","OTHER PRODUCTS","VMB200","Cefalexin Drops 10ml(EXEL)","2022-12-21","416","","0.00","2021-02-28"
"649","OTHER PRODUCTS","WKB2578","Cefalexin Susp. 250mg 60ml(EXEL)","2023-10-10","490","","0.00","2021-02-28"
"650","OTHER PRODUCTS","M707","Cefalexin Cap. 250mg 100s(FALTERIA)","2022-07-07","1","","0.00","2021-02-28"
"651","OTHER PRODUCTS","WKB267","Cefalexin Cap. 500mg 100s(EXEL)","2024-02-01","148","","0.00","2021-02-27"
"653","OTHER PRODUCTS","19L015","Cefuroxime Susp. 250mg 50ml(SQCEF)","2021-12-22","109","","0.00","2021-02-28"
"655","OTHER PRODUCTS","FLC002","Celecoxib Cap. 200mg 100s(FLACOXTO)","2023-05-05","1","","0.00","2021-02-28"
"656","OTHER PRODUCTS","D049","Celecoxib Cap. 400mg 20s(CAPXIBB-400)","2023-07-07","30","","0.00","2021-02-28"
"657","OTHER PRODUCTS","08257","Ceterizine Tab. 10mg 100s(ZYRINE)","2022-08-08","4","","0.00","2021-02-28"
"659","OTHER PRODUCTS","XAN030","Ceterizine Syrup 60ml (MYREX)","2023-01-01","160","","0.00","2021-02-28"
"660","OTHER PRODUCTS","162077","Chloramphenicol Cap. 500mg 100s(CHLOROLEM)","2022-09-09","3","","0.00","2021-02-28"
"661","OTHER PRODUCTS","138134","Chlorphen. Tab. 4mg 100s(RIPHEN)","2022-09-09","91","","0.00","2021-02-28"
"662","OTHER PRODUCTS","F513","Citicoline Tab. 500mg 24s(CITXL)","2023-11-11","4","","0.00","2021-02-28"
"663","OTHER PRODUCTS","KLA002","Clarithro. Tab. 500mg 30s(KLARITHIX)","2023-06-06","3","","0.00","2021-02-28"
"664","OTHER PRODUCTS","M280","Clindamycin Cap. 150mg 100s(ACRESIL-150)","2022-02-02","5","","0.00","2021-02-28"
"665","OTHER PRODUCTS","PH-1277","Clopidogrel Tab. 75mg 100s(CLOPEND-75)","2022-07-01","8","","0.00","2021-02-28"
"666","OTHER PRODUCTS","UA288M802","Clotrimazole Cream 20mg Tube(TOPICLO)","2022-11-11","9","","0.00","2021-02-28"
"667","OTHER PRODUCTS","203131215","Cloxacillin Cap. 500mg 100s(PHILCLOX)","2022-04-04","-1","","0.00","2021-02-28"
"668","OTHER PRODUCTS","20E16","Cloxacillin 250mg Susp. 60ml(OXEED)","2022-05-05","36","","0.00","2021-02-28"
"670","OTHER PRODUCTS","NGT05","Colchicine Tab. 500mcg 100s(GOUTSAPH)","2023-09-09","36","","0.00","2021-02-28"
"671","OTHER PRODUCTS","WHN232","Cotri. Susp. 200mg 60ml(KATHREX)","2022-12-31","307","","0.00","2021-02-27"
"672","OTHER PRODUCTS","WJN008","Cotri. Susp. 400mg 60ml(KATHREX)","2022-09-09","377","","0.00","2021-02-28"
"674","OTHER PRODUCTS","EJ010","Diclofenac Tab. 50mg 100s(VOREN)","2025-10-10","178","","0.00","2021-02-28"
"675","OTHER PRODUCTS","B50183","Dicycloverine Syrup 60ml(DIACIEL)","2023-06-06","348","","0.00","2021-02-28"
"676","OTHER PRODUCTS","PHIT2187","Digoxin Tab. 250mg 100s(INOXIN)","2022-09-09","12","","0.00","2021-02-28"
"678","OTHER PRODUCTS","ND004","Domperidone Tab. 10mg 100s(SAPHRIDONE)","2023-08-08","10","","0.00","2021-02-28"
"680","OTHER PRODUCTS","19E15","Erythromycin Eye Ointment(ERYZIN)","2022-05-05","10","","0.00","2021-02-28"
"681","OTHER PRODUCTS","T02025","Erythromycin Tab. 500mg 100s(TROMXENE)","2023-05-05","18","","0.00","2021-02-28"
"683","OTHER PRODUCTS","20T4156","Ferrous+Folic Acid Tab. 100s(AMECIRON)","2022-12-12","26","","0.00","2021-02-28"
"685","OTHER PRODUCTS","20C117","Ferrous+Folic Acid Cap. 100s(FORALIVIT)","2023-10-10","10","","0.00","2021-02-28"
"686","OTHER PRODUCTS","OY396","Folic Acid Cap. 5mg 100s(INFACARE)","2022-11-11","10","","0.00","2021-02-28"
"687","OTHER PRODUCTS","H20035","Furazolidone Susp. 60ml(URAZOLE)","2022-08-08","36","","0.00","2021-02-28"
"688","OTHER PRODUCTS","0C015","Gentamycin E/E Drops(KLONTAR)","2023-10-10","18","","0.00","2021-02-28"
"689","OTHER PRODUCTS","190845","Glibenclamide Tab. 5mg 100s(GLIMIDE)","2022-08-08","44","","0.00","2021-02-28"
"690","OTHER PRODUCTS","CA09506","Gliclazide Tab. 80mg 100s(ZEBET)","2023-10-10","20","","0.00","2021-02-27"
"691","OTHER PRODUCTS","G20054","Glimeperide Tab. 2mg 100s(DIABEATS)","2022-07-07","3","","0.00","2021-02-28"
"692","OTHER PRODUCTS","1769114","Guiafenesin Syrup 60ml(LUMARTUSS)","2022-01-01","99","","0.00","2021-02-28"
"693","OTHER PRODUCTS","CA08031","Hydrocortisone Cream(HOVICOR)","2023-11-10","35","","0.00","2021-02-27"
"694","OTHER PRODUCTS","20G008","Ibuprofen Syrup 200mg 60ml(SQFEN)","2022-07-07","57","","0.00","2021-02-28"
"695","OTHER PRODUCTS","04068","Ibuprofen Tab. 200mg 100s(FEVRAL)","2023-04-04","28","","0.00","2021-02-28"
"696","OTHER PRODUCTS","OY425","Ibuprofen Tab. 400mg 100s(FEVRAL)","2024-11-11","21","","0.00","2021-02-28"
"697","OTHER PRODUCTS","2JIBS","Irbesartan Taab. 150mg 100s(INTERPHIL)","2023-01-01","5","","0.00","2021-02-28"
"700","OTHER PRODUCTS","2728003","Ketoconazole Cream(LATOSIL)","2022-10-10","6","","0.00","2021-02-28"
"701","OTHER PRODUCTS","2007129","Lagundi Syrup 300mg 60ml(OFPLEMED)","2023-07-07","104","","0.00","2021-02-28"
"702","OTHER PRODUCTS","2008015","Lagundi Tab. 300mg 100s(OFPLEMED)","2023-08-01","26","","0.00","2021-02-28"
"703","OTHER PRODUCTS","705841","Lagundi Tab. 600mg 60s(LAGUNDEX)","2022-08-08","14","","0.00","2021-02-28"
"704","OTHER PRODUCTS","F-434","Levoceterizine Tab. 5mg 100s(LISINEX)","2022-09-09","4","","0.00","2021-02-28"
"705","OTHER PRODUCTS","LV2009","Levofloxacin Tab. 500mg 10s(LEVCAR)","2023-08-08","330","","0.00","2021-02-28"
"706","OTHER PRODUCTS","OX350","Loperamide Cap. 2mg 100s(HARVIMIDE)","2024-10-10","4","","0.00","2021-02-28"
"707","OTHER PRODUCTS","F0045","Loratadine Tab. 10mg 100s(LARADIN)","2023-05-05","3","","0.00","2021-02-28"
"708","OTHER PRODUCTS","N-01066","Losartan Tab. 50mg 100s(NATRASOL)","2021-07-07","0","","0.00","2021-02-28"
"710","OTHER PRODUCTS","20B012","Losartan+Hctz 100mg 100s(THIAXTAN)","2022-02-02","1","","0.00","2021-02-28"
"711","OTHER PRODUCTS","20J039","Losartan+HCTZ 50mg Tab. 100s(THIAXTAN)","2022-10-10","15","","0.00","2021-02-28"
"712","OTHER PRODUCTS","200901","Mefenamic Acid Cap. 500mg 100s(MECID)","2023-09-09","522","","0.00","2021-02-28"
"713","OTHER PRODUCTS","ZXAN178","Mefenamic Acid Cap. 250mg 100s(MYREFEN)","2024-01-10","12","","0.00","2021-02-28"
"714","OTHER PRODUCTS","MHET1789","Meloxicam Tab. 15mg 100s(MELOFAR)","2023-05-05","15","","0.00","2021-02-28"
"715","OTHER PRODUCTS","F01183","Metformin Tab. 500mg 100s(FORMET)","2023-05-05","37","","0.00","2021-02-28"
"716","OTHER PRODUCTS","NME124","Metformin Tab. 500mg 100s(SAPHORMIN)","2024-09-09","100","","0.00","2021-02-28"
"717","OTHER PRODUCTS","0MD20184","Methyldopa 250mg Tab. 100s(DOPATHYL)","2022-07-07","2","","0.00","2021-02-28"
"718","OTHER PRODUCTS","M-04010","Metoclopramide Tab. 10mg 100s(METO)","2023-07-07","15","","0.00","2021-02-28"
"719","OTHER PRODUCTS","P-01034","Metoprolol Tab. 50mg 100s(PROLOL)","2023-08-08","10","","0.00","2021-02-28"
"720","OTHER PRODUCTS","WJN147","Montelukast Tab. 10mg 100s(LEUKOREX)","2022-09-09","6","","0.00","2021-02-28"
"721","OTHER PRODUCTS","20J55","Malunggay Cap. 100s(FERALAC)","2022-04-04","1","","0.00","2021-02-28"
"722","OTHER PRODUCTS","75197","Multivitamins Drops (MULTILEM)","2022-07-07","219","","0.00","2021-02-28"
"723","OTHER PRODUCTS","2003032","Multivitamins Syrup 60ml(MDVIT)","2022-03-03","57","","0.00","2021-02-28"
"724","OTHER PRODUCTS","181032","Multivitamins Syrup 120ml(FULVIT)","2022-08-08","130","","0.00","2021-02-28"
"725","OTHER PRODUCTS","XAN019","Multivitamins Cap. 100s(MYREVIT)","2023-01-01","5","","0.00","2021-02-28"
"726","OTHER PRODUCTS","2004998","Multivitamins Cap. 100s(MULTIVIT-PLUS)","2023-04-04","43","","0.00","2021-02-28"
"727","OTHER PRODUCTS","XE09","Mupirocin Ointment 5g(MICROSCOT)","2022-12-01","2","","0.00","2021-02-27"
"728","OTHER PRODUCTS","Z-12023","Omeprazole Cap. 20mg 100s(ZOSEC)","2023-08-07","4","","0.00","2021-02-27"
"729","OTHER PRODUCTS","200866","Omeprazole Cap. 40mg 100s(RANZOLE)","2023-08-08","10","","0.00","2021-02-28"
"730","OTHER PRODUCTS","0904","ORS (DEHYDROSOL)","2023-09-09","35","","0.00","2021-02-28"
"731","OTHER PRODUCTS","260304","Para+Ibu Tab. 100s(I-LAXX)","2022-09-09","4","","0.00","2021-02-28"
"732","OTHER PRODUCTS","WGN180","Paracetamol Drops 15ml(MYREMOL)","2022-07-07","96","","0.00","2021-02-28"
"733","OTHER PRODUCTS","WLN109","Paracetamol Drops 15ml(MYREX)","2022-11-11","661","","0.00","2021-02-28"
"734","OTHER PRODUCTS","WJN184","Paracetamol 125mg Syrup 60ml(MYREMOL)","2022-09-09","434","","0.00","2021-02-28"
"735","OTHER PRODUCTS","2003012","Paracetamol 125mg Syrup 60ml(TEMPMED)","2023-03-03","247","","0.00","2021-02-28"
"736","OTHER PRODUCTS","WKN085","Paracetamol 250mg Syrup 60ml(MYREMOL)","2023-10-09","484","","0.00","2021-02-27"
"737","OTHER PRODUCTS","200606","Paracetamol Tab. 500mg 100s(FLUGARD)","2025-07-06","610","","0.00","2021-02-27"
"738","OTHER PRODUCTS","90110","Phenyl Drops 15ml(SINUDRIN)","2022-02-02","252","","0.00","2021-02-28"
"739","OTHER PRODUCTS","WAN056","Phenyl. Syrup 60ml(MYREX)","2022-01-01","15","","0.00","2021-02-28"
"740","OTHER PRODUCTS","2008031","Phenyl. Syrup 60ml(ARNOPHERIN)","2022-08-08","216","","0.00","2021-02-28"
"741","OTHER PRODUCTS","91182","Phenyl. Syrup 60ml(SINUDRIN)","2023-01-01","307","","0.00","2021-02-28"
"742","OTHER PRODUCTS","OA41C","PND Opthalmic Drops(SYNTEMAXX)","2023-11-11","12","","0.00","2021-02-28"
"743","OTHER PRODUCTS","OA38B","PND Opthalmic Drops(ISORE)","2023-10-10","4","","0.00","2021-02-28"
"744","OTHER PRODUCTS","OI213A","Prednisone Tab. 20mg 100s(CORT)","2022-10-10","10","","0.00","2021-02-28"
"745","OTHER PRODUCTS","PH1121","Propanolol 40mg Tab. 100s(STABETA)","2023-01-01","32","","0.00","2021-02-28"
"746","OTHER PRODUCTS","312MB","Vitamin B-Complex Tab. 100s(REVITAPLEX)","2022-11-11","532","","0.00","2021-02-28"
"747","OTHER PRODUCTS","OF432A","Rosuvastatin Tab. 10mg 30s(ROSUVAZ)","2022-07-07","5","","0.00","2021-02-28"
"748","OTHER PRODUCTS","200705","Salbutamol Inhaler 100mcg(SALBUMIN)","2023-07-07","11","","0.00","2021-02-28"
"749","OTHER PRODUCTS","WGN101","Salbutamol Syrup 60ml(VENTREX)","2022-07-07","23","","0.00","2021-02-28"
"750","OTHER PRODUCTS","31209B","Salbutamol Tab. 2mg 100s(BEISOL)","2023-11-11","94","","0.00","2021-02-28"
"751","OTHER PRODUCTS","2003003","Salbutamol+GG Syrup 60ml(ASMAIR)","2022-03-03","4","","0.00","2021-02-28"
"753","OTHER PRODUCTS","S-21007","Sildenafil Tab. 100mg 10s(SPIAGRA-100)","2023-03-03","13","","0.00","2021-02-28"
"754","OTHER PRODUCTS","20H062","Silver Sulfadiazine Cream 20g(MAZINE)","2023-08-08","14","","0.00","2021-02-28"
"755","OTHER PRODUCTS","190951","Simvastatin Tab. 10mg 100s(PHILSTAT)","2022-09-09","12","","0.00","2021-02-28"
"756","OTHER PRODUCTS","Z010103","Simvastatin Tab. 10mg 100s(ZIMVAST)","2023-08-08","10","","0.00","2021-02-28"
"757","OTHER PRODUCTS","Z02017","Simvastatin Tab. 20mg 100s(ZIMVAST)","2022-06-06","20","","0.00","2021-02-28"
"758","OTHER PRODUCTS","Z03020","Simvastatin Tab. 40mg 100s(ZIMVAST)","2023-06-06","6","","0.00","2021-02-28"
"759","OTHER PRODUCTS","E11562002","Spironolactone Tab. 25mg 100s(HAIROS)","2023-04-04","3","","0.00","2021-02-28"
"761","OTHER PRODUCTS","UUCM2009","Sultamicillin Tab. 750mg 50s(UNICIL)","2022-08-08","2","","0.00","2021-02-28"
"762","OTHER PRODUCTS","35121005","Symdex Syrup 60ml(SYMDEX)","2023-02-02","24","","0.00","2021-02-28"
"763","OTHER PRODUCTS","25020250","Symdex-D Tab. 100s","2022-09-09","84","","0.00","2021-02-28"
"764","OTHER PRODUCTS","35020033","Symdex Forte Tab. 100s","2022-05-05","4","","0.00","2021-02-28"
"765","OTHER PRODUCTS","OA58E","Tobramycin Opthalmic Drops(CONSAC)","2023-10-10","18","","0.00","2021-02-28"
"766","OTHER PRODUCTS","905","Tobramycin Opthalmic Drops(RAMITOB)","2022-06-06","3","","0.00","2021-02-28"
"767","OTHER PRODUCTS","OA65F","Tobramycin+Dexa Opthalmic Drops(TOBRASON)","2022-10-10","3","","0.00","2021-02-28"
"768","OTHER PRODUCTS","KAN098","Tranexamic Cap. 500mg 100s(HAEMOREX)","2025-01-01","9","","0.00","2021-02-28"
"769","OTHER PRODUCTS","OIO24H","Vitamin B-Complex Tab. 100s(NEURONERV)","2023-10-10","2","","0.00","2021-02-28"
"770","OTHER PRODUCTS","DE1120","Vitamin E 400I.U Softgels(DELLA-E)","2022-11-11","21","","0.00","2021-02-28"
"805","OTHER PRODUCTS","A20B001","Budesonide Nebule (BUDESON)","2022-01-01","224","","0.00","2021-02-28"
"806","OTHER PRODUCTS","756190501","Cefuroxime Vial 750mg(EROXIME)","2022-06-06","15","","0.00","2021-02-28"
"807","OTHER PRODUCTS","FD191D","Furosemide 20mg Amp.(FUROXIDE)","2022-02-02","50","","0.00","2021-02-28"
"808","OTHER PRODUCTS","60876","Lidocaine Vials 50ml(ANESTIN)","2022-05-05","17","","0.00","2021-02-28"
"809","OTHER PRODUCTS","50S488","Salbutamol Nebule 30s(HIVENT)","2023-08-08","101","","0.00","2021-02-28"
"810","OTHER PRODUCTS","A2000001","Salbutamol+Ipra. Nebule 1s(SALRESP)","2022-03-03","665","","0.00","2021-02-28"
"811","OTHER PRODUCTS","","Triangular Bandage","0000-00-00","40","","0.00","2021-02-28"
"812","OTHER PRODUCTS","","Aneroid Sphygmomanometer","0000-00-00","7","","0.00","2021-02-28"
"813","OTHER PRODUCTS","","Pulse Oximeter","0000-00-00","1","","0.00","2021-02-28"
"814","OTHER PRODUCTS","181014","Chromic 2/0","2023-09-09","3","","0.00","2021-02-28"
"815","OTHER PRODUCTS","GH191105","Dental Needle G-27 Short 100s(V-JECT)","2024-11-11","10","","0.00","2021-02-28"
"816","OTHER PRODUCTS","","Digital Thermometer","0000-00-00","69","","0.00","2021-02-28"
"817","OTHER PRODUCTS","2020420","Disposable 1cc","2025-04-04","26","","0.00","2021-02-28"
"818","OTHER PRODUCTS","20200325","Disposable Syringe 3cc","2025-06-05","31","","0.00","2021-02-27"
"819","OTHER PRODUCTS","20201025","Disposable Syringe 5cc","2025-10-10","10","","0.00","2021-02-28"
"820","OTHER PRODUCTS","20191210","Disposable Syringe 10cc","2024-12-12","6","","0.00","2021-02-28"
"821","OTHER PRODUCTS","223108814","Exam Gloves MEDIUM","2025-11-11","17","","0.00","2021-02-28"
"822","OTHER PRODUCTS","202008","Exam Gloves LARGE","2025-08-08","11","","0.00","2021-02-28"
"824","OTHER PRODUCTS","","Face Shield (HENGDEE)","0000-00-00","3","","0.00","2021-02-28"
"825","OTHER PRODUCTS","MK200401","Gauze Bandage 4x10","2025-04-04","24","","0.00","2021-02-28"
"826","OTHER PRODUCTS","MK19098","Gauze Pad Sterile 4x4 100s","2024-09-09","1364","","0.00","2021-02-28"
"827","OTHER PRODUCTS","JA1804034","Gauze Pad 4x4 Non-Sterile","2023-05-05","7","","0.00","2021-02-28"
"828","OTHER PRODUCTS","90804","IV-CANNULA G-18","2024-11-11","193","","0.00","2021-02-28"
"829","OTHER PRODUCTS","90353","IV-CANNULA G-20","2024-07-07","133","","0.00","2021-02-28"
"830","OTHER PRODUCTS","90885","IV-CANNULA G-22","2024-12-12","90","","0.00","2021-02-28"
"831","OTHER PRODUCTS","90390","IV-CANNULA G-26","2024-07-07","101","","0.00","2021-02-28"
"832","OTHER PRODUCTS","","KN95 FACE MASK","0000-00-00","164","","0.00","2021-02-28"
"833","OTHER PRODUCTS","815022004","MACROSET","2023-02-02","14","","0.00","2021-02-28"
"834","OTHER PRODUCTS","615052002","MICROSET","2023-05-05","71","","0.00","2021-02-28"
"835","OTHER PRODUCTS","3366CL","MICROPORE 2 INCHES","2024-11-11","6","","0.00","2021-02-28"
"836","OTHER PRODUCTS","3346JK","MICROPORE 1 INCH","2025-08-08","46","","0.00","2021-02-28"
"837","OTHER PRODUCTS","338M3K","MICROPORE 1/2 INCH","2025-04-04","72","","0.00","2021-02-28"
"838","OTHER PRODUCTS","191215","OXYGEN NASAL CANNULA(ADULT)","2024-11-11","30","","0.00","2021-02-28"
"839","014","R-06021","Atorvastatin Tab. 20mg 100s(RANVAST)","2023-09-09","29","","0.00","2021-03-10"
"841","014","KLA003","Clarithromycin Tab. 500mg 30s(KLARITHIX)","2023-09-09","20","","0.00","2021-03-10"
"842","014","12K2005","Co-Amoxiclav Tab. 625mg 14s(RANICLAV)","2022-10-10","63","","0.00","2021-03-10"
"843","014","OB22C","PND Otic Drops(SYNTEMAXX)","2023-11-11","36","","0.00","2021-03-10"
"844","014","BRA101180A","Febuxostat Tab. 40mg 30s(FEBUDAY)","2023-09-09","5","","0.00","2021-03-10"
"845","014","N-01067","Losartan Tab. 50mg 100s(NATRASOL)","2023-07-07","199","","0.00","2021-03-10"
"847","014","20D553","Sambong Tab. 500mg 100s(URISAM)","2022-12-11","16","","0.00","2021-03-09"
"849","014","012","Carvedilol Tab. 6.25mg 30s(CARVIDA)","2023-12-12","0","","0.00","2021-03-10"
"850","014","F351","Enalapril Tab. 10mg 100s(RENITE XL)","2023-07-07","8","","0.00","2021-03-10"
"851","014","F357","Enalapril Tab. 5mg 100s(RENITE XL)","2023-07-07","8","","0.00","2021-03-10"
"852","014","201128","Mefenamic Tab. 500mg 100s(MEFEIN)","2023-11-11","238","","0.00","2021-03-10"
"853","014","CTDY0009","Paracetamol+Tramadol Tab.50s(CETODOL)","2022-09-09","6","","0.00","2021-03-10"
"854","014","XXXX","ARMDIGITAL BP W/ADAPTOR(ROSSMAX)","2022-02-02","1","","0.00","2021-03-10"
"855","014","GS-202005","Gauza Pad Sterile 2x2 100s(SURE-GUARD)","2025-05-05","5","","0.00","2021-03-10"
"856","014","012123","Povidone 120ml(ZETADONE)","2023-01-01","24","","0.00","2021-03-10"
"857","014","xxxx","Sphyg. Manometer w/Aneroid w/Steth","2022-02-02","1","","0.00","2021-03-10"
"858","014","338FKN","MICROPORE 1/2 INCH","2025-03-03","48","","0.00","2021-03-10"
"859","014","XXXX","Weighing Scale Pedia(SALTER)","2022-02-02","2","","0.00","2021-03-10"
"860","015","B2120","Ambroxol Syrup 15mg 60ml(BROXOLVAN)","2023-02-02","288","","0.00","2021-03-17"
"861","015","2007060","Ambroxol Syrup 30mg 60ml(BROMUX)","2022-07-07","288","","0.00","2021-03-17"
"862","015","0217014","Cefixime Tab. 200mg 90s(SANIX)","2023-02-02","10","","0.00","2021-03-17"
"863","015","181034","Multivitamins Syrup 60ml(FULVIT)","2022-08-08","288","","0.00","2021-03-17"
"864","015","OF357A","Prednisone Tab. 20mg 100s(CORT)","2022-07-07","20","","0.00","2021-03-17"
"865","015","MHET1822","Rosuvastatin Tab. 20mg 30s(VESTFLO)","2022-07-07","10","","0.00","2021-03-17"
"866","015","BG20002","Acetylcysteine 200mg Powder 10 Sachet","2022-04-04","10","","0.00","2021-03-17"
"867","015","OY416","Amlodipine Tab. 5mg 100s(NORVATROL)","2023-11-11","10","","0.00","2021-03-17"
"868","015","OY433","Alum/Mag Tab 200/100mg 100BP (SHELOGEL)","2022-11-11","20","","0.00","2021-03-17"
"869","015","Z-060222","Atenolol Tab. 50mg 100s(ZENOBLOC-50)","2023-10-10","50","","0.00","2021-03-17"
"870","015","M-06017","Carbocisteine Cap. 500mg 100s(MUCOFLEM)","2023-09-09","50","","0.00","2021-03-17"
"871","015","200702","Cefuroxime Tab. 500mg 10s(AEROX)","2023-07-07","100","","0.00","2021-03-17"
"872","015","FLC002","Celecoxib Cap. 200mg 100s(FLACOXTO)","2023-05-05","30","","0.00","2021-03-17"
"873","015","08247","Ceterizine Tab. 10mg 100s(ZYRINE)","2022-08-08","100","","0.00","2021-03-17"
"874","015","R-34017","Co-Amoxiclav Tab. 625mg 14s(RAFONEX)","2022-12-12","100","","0.00","2021-03-17"
"875","015","PR142","Ferrous Sulfate Tab. 325mg 100s(FERRICORE)","2025-06-06","14","","0.00","2021-03-17"
"876","015","OX381","Loperamide Cap. 2mg 100s(HARVIMIDE)","2024-10-10","20","","0.00","2021-03-17"
"877","015","N-02061","Losartan Tab. 100mg 100s(NATRASOL)","2023-07-07","10","","0.00","2021-03-17"
"878","015","PH1266","Losartan+Amlo 50mg/5mg 100s(AMBICA)","2023-06-06","5","","0.00","2021-03-17"
"879","015","20L53","Malunggay Cap. 100s(FERALAC)","2022-06-06","4","","0.00","2021-03-17"
"880","015","P02045","Metoprolol Tab. 100mg 100s(PROLOL)","2023-08-08","5","","0.00","2021-03-17"
"881","015","MET-0085","Metronidazole I.V (EUROMET)","2023-04-04","10","","0.00","2021-03-17"
"882","015","XAN018","Multivitamins Cap. 100s(MYREVIT)","2023-01-01","100","","0.00","2021-03-17"
"883","015","201201","Salbutamol Inhaler 100mcg(SALBUMIN)","2023-12-12","30","","0.00","2021-03-17"
"884","015","NPCE-30","Cefixime Susp. 100mg (CEFISAPH)","2022-11-11","50","","0.00","2021-03-17"
"885","015","91102","Carbamazepine Tab. 200mg 100s(TORILAT)","2023-11-11","5","","0.00","2021-03-17"
"886","015","2011046","Lagundi Syrup 300mg 60ml(OFPLEMED)","2023-11-12","144","","0.00","2021-03-17"
"887","015","XXXX","Exam Gloves SMALL(VANTAGE)","2022-02-02","30","","0.00","2021-03-17"
"888","015","XXXX","Exam Gloves MEDIUM(VANTAGE)","2022-02-02","30","","0.00","2021-03-17"
"889","015","XXXX","Face Mask 50s(BO HIU)","2022-02-02","40","","0.00","2021-03-17"
"890","015","1A282/283","Ascorbic Acid Tab. 500mg 100s(ASCORB)","2023-02-02","306","","0.00","2021-03-17"
"891","015","XXXX","Diclofenac Tab. 50mg 100s(TRIFOCID)","2025-02-02","256","","0.00","2021-03-17"
"892","OTHER PRODUCTS","xxxx","Plaster Hospital Size","2022-02-02","2","","0.00","2021-02-28"
"893","OTHER PRODUCTS","xxxx","Lysol Disenfectant Gallon","2022-02-02","1","","0.00","2021-02-28"
"894","OTHER PRODUCTS","XXXX","Oxygen Nasal Cannula(PEDIA)","2022-02-02","15","","0.00","2021-02-28"
"895","OTHER PRODUCTS","XXXX","Nebulizing Kit W/Mask(PEDIA)","2022-02-02","32","","0.00","2021-02-28"
"896","OTHER PRODUCTS","XXXX","Nebulizing Kit W/Mask(ADULT)","2022-02-02","24","","0.00","2021-02-28"
"897","OTHER PRODUCTS","xxxx","Povidone 120ml(ZETADONE)","2022-02-02","11","","0.00","2021-02-28"
"898","OTHER PRODUCTS","xxxx","Pregnancy Test","0000-00-00","794","","0.00","2021-02-28"
"899","OTHER PRODUCTS","203095841SLZA","Surgical Gloves #6.5(GREAT GLOVE)","2025-06-06","9","","0.00","2021-02-28"
"900","OTHER PRODUCTS","203108183SLZA","Surgical Gloves #7 (GLOMED)","2025-10-10","5","","0.00","2021-02-28"
"901","OTHER PRODUCTS","203108183SLZA","Surgical Gloves #7.5(GLOMED)","2025-10-10","6","","0.00","2021-02-28"
"902","OTHER PRODUCTS","xxxx","Pediatric Urine Collector","2022-02-02","185","","0.00","2021-02-28"
"903","OTHER PRODUCTS","xxxx","Umbilical Cord Clamp","2022-02-02","80","","0.00","2021-02-28"
"904","OTHER PRODUCTS","G19017","Zinc Drops 15ml(ENERZINC)","2022-07-07","209","","0.00","2021-02-28"
"905","OTHER PRODUCTS","H19003","Zinc Syrup 60ml(ENERZINC)","2022-08-07","76","","0.00","2021-02-27"
